src,dst,sport,dport,flowsize,start,fct_abm,fct_obm,delta_abs,delta_pct,worse_algo
30,11,1481,1481,13,19366,3251,83,3168,3816.87,ABM
10,25,982,982,16,12897,2125,87,2038,2342.53,ABM
144,10,1085,1085,16,14115,3199,141,3058,2168.79,ABM
133,26,489,489,14,6115,2043,91,1952,2145.05,ABM
75,1,685,685,66,8589,4407,198,4209,2125.76,ABM
101,29,963,963,6,12601,1034,49,985,2010.2,ABM
120,29,1386,1386,34,17989,3305,172,3133,1821.51,ABM
32,28,1422,1422,6,18617,1025,55,970,1763.64,ABM
143,7,504,504,6,6330,1043,56,987,1762.5,ABM
92,4,1002,1002,29,13107,4290,237,4053,1710.13,ABM
66,10,785,785,16,10184,1074,61,1013,1660.66,ABM
135,20,1313,1313,13,17005,1037,59,978,1657.63,ABM
91,26,694,694,24,8731,1075,65,1010,1553.85,ABM
113,26,417,417,40,5014,2153,135,2018,1494.81,ABM
47,1,1167,1167,17,15209,2151,139,2012,1447.48,ABM
88,23,952,952,6,12502,1045,72,973,1351.39,ABM
105,28,1353,1353,17,17522,2133,150,1983,1322.0,ABM
61,1,270,270,20,3015,1080,76,1004,1321.05,ABM
92,16,1442,1442,18,18855,2068,147,1921,1306.8,ABM
102,25,1050,1050,6,13681,1037,74,963,1301.35,ABM
92,23,255,255,14,2940,1051,82,969,1181.71,ABM
89,2,1198,1198,42,15756,4332,338,3994,1181.66,ABM
73,12,1502,1502,28,19693,2230,175,2055,1174.29,ABM
85,18,1072,1072,20,13882,2118,167,1951,1168.26,ABM
136,27,638,638,10,8045,1041,84,957,1139.29,ABM
118,12,614,614,15,7746,2131,172,1959,1138.95,ABM
143,24,958,958,19,12571,1101,89,1012,1137.08,ABM
142,24,1298,1298,17,16767,1062,87,975,1120.69,ABM
132,29,1217,1217,6,15910,1035,85,950,1117.65,ABM
141,27,334,334,22,3735,1051,87,964,1108.05,ABM
123,25,1316,1316,9,17039,1034,88,946,1075.0,ABM
142,6,406,406,30,4785,1131,98,1033,1054.08,ABM
122,19,397,397,24,4636,1103,97,1006,1037.11,ABM
28,5,805,805,13,10492,1044,92,952,1034.78,ABM
109,20,1015,1015,8,13277,1035,92,943,1025.0,ABM
66,11,930,930,25,12204,2350,213,2137,1003.29,ABM
15,17,1240,1240,12,16137,1107,103,1004,974.76,ABM
106,25,824,824,16,10755,1039,99,940,949.49,ABM
143,22,826,826,17,10779,1080,105,975,928.57,ABM
87,12,622,622,17,7788,1071,106,965,910.38,ABM
119,32,886,886,14,11532,1174,117,1057,903.42,ABM
68,11,576,576,15,7341,1078,111,967,871.17,ABM
59,5,647,647,16,8126,1076,111,965,869.37,ABM
130,20,1352,1352,37,17517,2250,233,2017,865.67,ABM
124,27,491,491,23,6152,1091,114,977,857.02,ABM
3,23,786,786,13,10227,1047,110,937,851.82,ABM
37,8,139,139,19,1657,1060,113,947,838.05,ABM
50,18,872,872,16,11368,1046,112,934,833.93,ABM
13,28,711,711,29,8922,1135,122,1013,830.33,ABM
95,25,1077,1077,61,14005,3246,352,2894,822.16,ABM
142,28,1045,1045,44,13618,2280,251,2029,808.37,ABM
45,20,1027,1027,45,13368,2315,256,2059,804.3,ABM
36,10,987,987,40,12954,2236,249,1987,797.99,ABM
6,28,1041,1041,18,13586,1047,118,929,787.29,ABM
33,17,898,898,38,11691,1257,148,1109,749.32,ABM
68,16,923,923,17,12094,1117,132,985,746.21,ABM
53,11,1104,1104,6,14440,1033,124,909,733.06,ABM
81,11,83,83,40,1025,1252,152,1100,723.68,ABM
93,1,1478,1478,17,19336,1139,139,1000,719.42,ABM
143,21,1271,1271,23,16461,1095,135,960,711.11,ABM
124,1,1302,1302,17,16861,1061,131,930,709.92,ABM
142,31,1297,1297,38,16755,2334,292,2042,699.32,ABM
43,18,825,825,38,10763,2355,297,2058,692.93,ABM
82,30,1074,1074,26,13992,2213,280,1933,690.36,ABM
80,29,1068,1068,24,13843,1111,143,968,676.92,ABM
49,28,932,932,18,12217,1049,137,912,665.69,ABM
142,15,801,801,24,10444,1089,144,945,656.25,ABM
124,22,1296,1296,50,16753,3366,453,2913,643.05,ABM
14,24,286,286,32,3178,1131,153,978,639.22,ABM
120,22,1096,1096,86,14336,2423,330,2093,634.24,ABM
137,22,594,594,19,7578,1069,150,919,612.67,ABM
108,14,199,199,45,2257,1182,166,1016,612.05,ABM
73,13,839,839,19,10921,1145,162,983,606.79,ABM
30,21,1185,1185,42,15575,1279,182,1097,602.75,ABM
102,18,650,650,27,8166,1153,168,985,586.31,ABM
140,9,1109,1109,46,14495,2283,333,1950,585.59,ABM
83,5,613,613,42,7745,2214,323,1891,585.45,ABM
144,7,1216,1216,8,15907,1031,151,880,582.78,ABM
45,7,1126,1126,24,14816,1146,169,977,578.11,ABM
51,15,1120,1120,25,14599,1111,166,945,569.28,ABM
36,14,333,333,32,3707,1244,186,1058,568.82,ABM
30,21,937,937,22,12255,1126,170,956,562.35,ABM
9,19,523,523,66,6625,3507,530,2977,561.7,ABM
92,22,767,767,25,9940,1135,173,962,556.07,ABM
101,15,170,170,33,1937,1189,182,1007,553.3,ABM
42,7,476,476,32,5908,2333,367,1966,535.69,ABM
83,1,502,502,39,6288,1195,188,1007,535.64,ABM
79,17,264,264,21,2984,1061,167,894,535.33,ABM
96,5,1157,1157,20,15127,1052,168,884,526.19,ABM
128,29,753,753,37,9675,1240,212,1028,484.91,ABM
105,9,1519,1519,27,19934,1111,190,921,484.74,ABM
33,2,1482,1482,18,19389,1060,183,877,479.23,ABM
97,25,807,807,48,10504,1258,218,1040,477.06,ABM
15,11,1058,1058,32,13720,1190,207,983,474.88,ABM
136,30,955,955,42,12548,1211,212,999,471.23,ABM
110,32,667,667,18,8395,1068,191,877,459.16,ABM
57,8,1101,1101,26,14419,1181,212,969,457.08,ABM
51,22,1076,1076,43,14004,1221,223,998,447.53,ABM
47,10,235,235,50,2671,1190,219,971,443.38,ABM
143,31,682,682,16,8571,1217,226,991,438.5,ABM
23,26,1470,1470,34,19256,1109,206,903,438.35,ABM
144,31,252,252,52,2932,1676,317,1359,428.71,ABM
20,1,1369,1369,36,17738,2311,442,1869,422.85,ABM
40,31,792,792,62,10304,2321,445,1876,421.57,ABM
134,9,1190,1190,27,15676,1178,226,952,421.24,ABM
47,7,835,835,71,10891,2335,449,1886,420.04,ABM
45,14,1274,1274,39,16492,1218,235,983,418.3,ABM
131,11,1248,1248,26,16205,1107,216,891,412.5,ABM
122,29,439,439,46,5330,1247,248,999,402.82,ABM
125,8,859,859,31,11190,1175,236,939,397.88,ABM
60,8,1143,1143,30,14935,1132,230,902,392.17,ABM
70,16,646,646,82,8125,2402,509,1893,371.91,ABM
144,21,925,925,34,12137,1226,261,965,369.73,ABM
52,20,1383,1383,54,17929,1287,274,1013,369.71,ABM
80,32,679,679,23,8547,1061,227,834,367.4,ABM
120,11,914,914,44,11983,1352,296,1056,356.76,ABM
87,22,1013,1013,30,13263,1139,251,888,353.78,ABM
64,23,1382,1382,81,17912,1341,299,1042,348.49,ABM
48,26,760,760,74,9791,1353,303,1050,346.53,ABM
64,9,1333,1333,25,17337,1178,267,911,341.2,ABM
17,7,1413,1413,42,18429,1275,293,982,335.15,ABM
28,15,707,707,39,8873,1230,285,945,331.58,ABM
31,28,1416,1416,35,18499,1168,272,896,329.41,ABM
134,16,1461,1461,39,19101,1203,286,917,320.63,ABM
56,26,842,842,82,10941,1473,351,1122,319.66,ABM
103,25,1183,1183,42,15521,1188,284,904,318.31,ABM
100,11,769,769,49,9955,2448,608,1840,302.63,ABM
132,29,157,157,78,1846,1262,316,946,299.37,ABM
53,16,882,882,45,11498,1222,308,914,296.75,ABM
48,28,637,637,38,8044,1177,302,875,289.74,ABM
100,21,811,811,32,10543,1191,313,878,280.51,ABM
97,15,966,966,51,12676,1462,401,1061,264.59,ABM
16,22,1432,1432,47,18768,1323,369,954,258.54,ABM
26,11,1112,1112,39,14530,1320,379,941,248.28,ABM
49,13,967,967,50,12678,1349,389,960,246.79,ABM
59,16,1159,1159,54,15135,1315,388,927,238.92,ABM
57,15,690,690,39,8683,1266,385,881,228.83,ABM
126,32,530,530,40,6695,1221,377,844,223.87,ABM
47,10,1249,1249,38,16212,1264,393,871,221.63,ABM
63,19,891,891,40,11648,1348,429,919,214.22,ABM
97,31,1184,1184,47,15555,1301,417,884,211.99,ABM
20,6,1294,1294,40,16748,1208,405,803,198.27,ABM
113,25,1451,1451,43,18956,1314,444,870,195.95,ABM
35,7,1087,1087,19,14159,3163,1082,2081,192.33,ABM
30,8,774,774,52,10028,1338,468,870,185.9,ABM
144,19,586,586,47,7469,1233,444,789,177.7,ABM
144,30,1453,1453,51,18993,1286,471,815,173.04,ABM
2,26,1321,1321,26,17127,3144,1169,1975,168.95,ABM
115,21,875,875,42,11388,1387,516,871,168.8,ABM
65,7,747,747,49,9610,2322,872,1450,166.28,ABM
65,18,974,974,51,12767,1396,527,869,164.9,ABM
144,7,661,661,46,8315,1285,487,798,163.86,ABM
15,23,1107,1107,32,14461,311,125,186,148.8,ABM
62,15,1309,1309,83,16946,3568,1752,1816,103.65,ABM
89,23,193,193,48,2161,150,78,72,92.31,ABM
117,30,942,942,32,12422,2221,1204,1017,84.47,ABM
120,3,501,501,6,6279,88,48,40,83.33,ABM
96,13,893,893,86,11659,1342,777,565,72.72,ABM
132,27,1026,1026,49,13367,400,233,167,71.67,ABM
13,12,305,305,18,3396,73,43,30,69.77,ABM
5,1,237,237,69,2688,282,170,112,65.88,ABM
141,13,455,455,6,5566,117,71,46,64.79,ABM
41,23,347,347,30,3923,187,115,72,62.61,ABM
125,23,1342,1342,52,17453,2337,1478,859,58.12,ABM
1,14,1307,1307,34,16928,138,88,50,56.82,ABM
6,19,288,288,79,3187,327,209,118,56.46,ABM
134,26,939,939,26,12327,97,62,35,56.45,ABM
95,7,188,188,13,2118,93,60,33,55.0,ABM
63,12,1449,1449,6,18938,85,55,30,54.55,ABM
17,21,1246,1246,15,16194,91,59,32,54.24,ABM
129,22,1377,1377,52,17855,2340,1529,811,53.04,ABM
67,31,653,653,58,8215,2438,1637,801,48.93,ABM
131,25,371,371,48,4160,178,124,54,43.55,ABM
90,22,337,337,53,3783,235,167,68,40.72,ABM
110,1,191,191,37,2136,127,91,36,39.56,ABM
132,16,909,909,9,11885,99,73,26,35.62,ABM
80,22,731,731,6,9314,66,49,17,34.69,ABM
126,19,217,217,29,2515,156,116,40,34.48,ABM
131,19,284,284,31,3154,143,108,35,32.41,ABM
77,6,822,822,31,10713,166,126,40,31.75,ABM
73,22,419,419,12,5036,67,51,16,31.37,ABM
34,17,389,389,15,4549,80,61,19,31.15,ABM
48,8,175,175,19,1975,102,78,24,30.77,ABM
72,18,669,669,15,8402,188,146,42,28.77,ABM
125,7,869,869,15,11355,133,104,29,27.88,ABM
37,32,1258,1258,18,16306,152,121,31,25.62,ABM
135,29,368,368,18,4122,74,60,14,23.33,ABM
22,3,734,734,35,9345,193,157,36,22.93,ABM
143,29,1456,1456,6,19057,65,53,12,22.64,ABM
2,17,248,248,35,2876,201,164,37,22.56,ABM
33,17,230,230,37,2616,210,173,37,21.39,ABM
64,12,315,315,14,3509,75,62,13,20.97,ABM
137,4,1140,1140,18,14917,163,135,28,20.74,ABM
24,15,1049,1049,34,13681,1432,1190,242,20.34,ABM
32,32,1279,1279,30,16520,177,148,29,19.59,ABM
15,17,359,359,6,4057,49,41,8,19.51,ABM
136,1,911,911,15,11930,87,73,14,19.18,ABM
46,28,519,519,14,6515,63,53,10,18.87,ABM
45,25,364,364,6,4107,45,38,7,18.42,ABM
96,19,196,196,80,2197,432,366,66,18.03,ABM
93,14,448,448,15,5453,93,79,14,17.72,ABM
55,25,181,181,57,2042,154,131,23,17.56,ABM
68,4,401,401,14,4722,84,72,12,16.67,ABM
19,25,819,819,6,10650,42,36,6,16.67,ABM
38,31,267,267,14,2995,93,80,13,16.25,ABM
102,19,192,192,75,2158,401,345,56,16.23,ABM
51,19,285,285,6,3163,43,37,6,16.22,ABM
10,1,662,662,34,8326,102,88,14,15.91,ABM
6,30,766,766,6,9901,54,47,7,14.89,ABM
51,17,228,228,9,2610,78,68,10,14.71,ABM
119,1,634,634,6,7986,50,44,6,13.64,ABM
25,22,1349,1349,44,17488,117,103,14,13.59,ABM
24,17,229,229,6,2611,42,37,5,13.51,ABM
30,13,169,169,44,1935,101,89,12,13.48,ABM
23,32,75,75,15,928,36,32,4,12.5,ABM
142,29,962,962,6,12596,55,49,6,12.24,ABM
105,7,128,128,13,1519,47,42,5,11.9,ABM
54,32,970,970,10,12715,85,76,9,11.84,ABM
103,1,696,696,6,8748,48,43,5,11.63,ABM
77,22,959,959,6,12575,39,35,4,11.43,ABM
12,17,198,198,6,2253,49,44,5,11.36,ABM
97,19,372,372,19,4197,91,82,9,10.98,ABM
142,2,1073,1073,6,13946,42,38,4,10.53,ABM
68,7,178,178,14,1985,54,49,5,10.2,ABM
13,14,1187,1187,48,15608,162,147,15,10.2,ABM
73,4,1030,1030,6,13431,44,40,4,10.0,ABM
25,11,173,173,76,1954,314,286,28,9.79,ABM
116,22,585,585,52,7458,222,203,19,9.36,ABM
65,5,147,147,31,1745,118,108,10,9.26,ABM
21,8,309,309,38,3430,238,218,20,9.17,ABM
63,6,418,418,6,5033,49,45,4,8.89,ABM
25,10,400,400,9,4692,38,35,3,8.57,ABM
142,31,572,572,6,7255,76,70,6,8.57,ABM
61,23,1000,1000,49,13071,281,259,22,8.49,ABM
17,17,421,421,6,5040,27,25,2,8.0,ABM
10,10,483,483,17,6003,68,63,5,7.94,ABM
112,2,478,478,22,5945,58,54,4,7.41,ABM
1,24,425,425,21,5091,102,95,7,7.37,ABM
93,26,200,200,6,2299,30,28,2,7.14,ABM
42,12,405,405,6,4780,45,42,3,7.14,ABM
87,22,625,625,6,7847,49,46,3,6.52,ABM
28,11,130,130,6,1534,33,31,2,6.45,ABM
18,10,482,482,53,5986,189,178,11,6.18,ABM
134,13,155,155,17,1820,53,50,3,6.0,ABM
73,24,1024,1024,6,13357,74,70,4,5.71,ABM
18,31,197,197,15,2213,56,53,3,5.66,ABM
129,3,282,282,25,3122,142,135,7,5.19,ABM
119,28,209,209,51,2428,228,217,11,5.07,ABM
127,27,1066,1066,69,13841,295,281,14,4.98,ABM
99,12,428,428,9,5188,87,83,4,4.82,ABM
95,5,64,64,50,747,110,105,5,4.76,ABM
2,24,560,560,47,7025,318,304,14,4.61,ABM
77,30,423,423,33,5061,189,181,8,4.42,ABM
132,28,242,242,13,2789,71,68,3,4.41,ABM
26,28,464,464,6,5684,26,25,1,4.0,ABM
93,8,138,138,39,1655,211,203,8,3.94,ABM
102,31,273,273,6,3025,53,51,2,3.92,ABM
114,22,1437,1437,18,18801,90,87,3,3.45,ABM
108,24,154,154,6,1809,32,31,1,3.23,ABM
93,24,244,244,6,2794,35,34,1,2.94,ABM
57,20,189,189,12,2127,70,68,2,2.94,ABM
25,5,466,466,6,5746,37,36,1,2.78,ABM
52,23,78,78,6,967,38,37,1,2.7,ABM
79,17,349,349,15,3963,77,75,2,2.67,ABM
75,8,1277,1277,10,16514,1092,1064,28,2.63,ABM
66,16,525,525,17,6649,78,76,2,2.63,ABM
128,17,105,105,6,1321,39,38,1,2.63,ABM
47,2,215,215,6,2508,39,38,1,2.63,ABM
54,1,126,126,6,1507,39,38,1,2.63,ABM
92,9,176,176,27,1978,169,165,4,2.42,ABM
144,15,931,931,18,12211,85,83,2,2.41,ABM
140,20,339,339,6,3800,43,42,1,2.38,ABM
8,8,92,92,18,1162,45,44,1,2.27,ABM
3,6,186,186,33,2088,110,108,2,1.85,ABM
115,1,66,66,39,784,111,109,2,1.83,ABM
51,18,1404,1404,45,18239,337,331,6,1.81,ABM
63,29,810,810,10,10521,59,58,1,1.72,ABM
67,27,167,167,21,1918,63,62,1,1.61,ABM
121,24,306,306,28,3398,133,131,2,1.53,ABM
131,25,1046,1046,14,13646,140,138,2,1.45,ABM
109,31,992,992,29,13013,242,239,3,1.26,ABM
120,28,212,212,32,2455,178,176,2,1.14,ABM
37,24,60,60,83,709,201,199,2,1.01,ABM
109,32,117,117,41,1440,103,102,1,0.98,ABM
141,30,513,513,16,6392,107,106,1,0.94,ABM
105,30,495,495,39,6227,224,222,2,0.9,ABM
62,9,1392,1392,28,18072,1168,1158,10,0.86,ABM
44,13,450,450,25,5509,176,175,1,0.57,ABM
31,27,413,413,83,4929,245,244,1,0.41,ABM
104,14,1209,1209,16,15854,1076,1074,2,0.19,ABM
